{"posicion":{"x":666.3008422851563,"y":53.205482482910159,"z":0.0},"vidas":3,"puntos":90}